0x5bebe260779764fbd6cea88dfe1bf4932f7c33b8,17691812200000000000000,17691.8122
0x123456793b94455b0371f1e21b62c766f3a659d8,3615004700000000000000,3615.0047
0x03ecf4137a590f8245dbb3430b5e71d8f593501e,1851851000000000000000,1851.851
0xd4c66de64ed30083e5cb71d5de5c4c49f286aaf1,1276754800000000000000,1276.7548
0x5dbc538ad7a6b4997eddce0afff1f0f4ca77c60f,449761000000000000000,449.761
0xab94b4719a2b88aeb9f186bb1367442f146f1637,438272200000000000000,438.2722
0xd2b7365959627ab35efe275e853c7e86955163f1,313745000000000000000,313.745
0xbef0ae6bff00900ac30a6e2716e513fddffd16c8,291372000000000000000,291.372
0x22b84d5ffea8b801c0422afe752377a64aa738c2,287000400000000000000,287.0004
0x6e25fd07a8d2c3026cb227e7c079c7946ecb73bf,267354000000000000000,267.354
0x831ff32ef7552e7eacbaa349a1dc369aa7dcb337,261326000000000000000,261.326
0x48e6fcfaccfa764b15a527c3cc71aa85b074025d,256015500000000000000,256.0155
0x88b69ff9b01d783165632524887db9fdacb9ece2,254587000000000000000,254.587
0x36732adfcf4b2af34fc6ad1ef5b6dc088688be7c,249037000000000000000,249.037
0xee8899fddc58cb5913859bd0abd74a2730d1c9fa,234265000000000000000,234.265
0x4b2167c213520e1cddb3710265e9ccd4c8177ec9,206461000000000000000,206.461
0xd3961360571278d9fd0ece8a871d03fe9d1d591e,205199000000000000000,205.199
0x6f0b61247106d1287a1b5c2327ad1140a6d46771,194307000000000000000,194.307
0x71a35b67c9a6034505a516ffc727e5d2bc581598,193908000000000000000,193.908
0xe0f77b344a414057e790cd8162e21aaa0c972756,193420000000000000000,193.42
0x9588344d3e485e14f1178f2eb241a3ba84ec176f,192735000000000000000,192.735
0x2991dbcf8e94e05a8d59ddde481a23b323a923c9,189354000000000000000,189.354
0x337cdfc15681951abeb183f501602287188ef9c2,183620000000000000000,183.62
0x33264f807790eeb7d3727a6c3c6a38b474963914,183427000000000000000,183.427
0x4c7b3f59023b27b1a04102a14b97f8e1f8ec7ee6,176246000000000000000,176.246
0x6f95f0a87bdd4d884e3d0b3d75b9dfa54011c5aa,174295000000000000000,174.295
0xf65fd67d80f43469b6dddc2fd909f5e1e60fca02,173458000000000000000,173.458
0xa5f59d6289aeeb43e3cd26770f7b49deb3e60f7f,162807000000000000000,162.807
0x472fc77a9b399a25cddaa411f4125ca7c2d1b7be,162802000000000000000,162.802
0xb10d2d22c6661ad07771113783eb8567fe682786,150000000000000000000,150
0x7209ba29ba9b163c655b12cbf3c33369b77e1742,141187000000000000000,141.187
0x3369f5ecbf91a13d7c4f8d1637f690230df4ccfb,138609000000000000000,138.609
0x0eda12887881e07481a6faf0bcde8c95ee05faf0,138426000000000000000,138.426
0xad97fef0ecf431360d7145b35321bd11f147f534,138209000000000000000,138.209
0xa7141efaa79490f4d252ec9f5c42ea99a38a69e7,138106000000000000000,138.106
0xc4836b9a76204a9eb454a9222b639bc2444eac6b,137283000000000000000,137.283
0x20381b152d281c356d6f80e0cf54d16da0b7d795,137269000000000000000,137.269
0xf05a38d24f30250e569244e0f3b7307f84a7dc9e,136482000000000000000,136.482
0xb15f4a7fa7987048b29dd7b2050d19f52754196f,132765000000000000000,132.765
0xf65fd67d80f43469b6dddc2fd909f5e1e60fca02,129623000000000000000,129.623
0xe5fe00b12f20a1edf7f3501f87514a3741ced1e0,129015000000000000000,129.015
0x7eaedc91053dec8551e8b0dc50d072ebc14fbdd8,127306000000000000000,127.306
0x39a564b6bc9b382b21fe15847a6bea9c6bb056da,125001000000000000000,125.001
0x2c016e099a7f804e4cda8d8ecb273c8b38cb8652,124588000000000000000,124.588
0xa6c68760b1477c12c136c58308082435d927f8cd,124351000000000000000,124.351
0x97a43e3ec4b6908051551d58e6dd252d040732ca,123542000000000000000,123.542
0x5000df5c1d17b056394f4534e9af0f71da31f171,109648000000000000000,109.648
0x96ba316331ffd58ceb26ad8f4d785186ca6a090f,106473000000000000000,106.473
0x8d72d1976d13731111dfe41e6739f62fdef7d7ff,105548000000000000000,105.548
0xba241a42ed7c811156f7708cddd5d87215bf82f1,96245000000000000000,96.245
0xb97d0c399e4eaca0d33dbc0e97fcc5f413fff016,96185600000000000000,96.1856
0x290d0ee1d198946d53feb0cc04271674bab592b6,95103000000000000000,95.103
0x343ea4fd8892b08972c49d7e6d48b919d2dc51b3,94627000000000000000,94.627
0xbb4a8550ba163f6282af73e0bd7a63cb602e7025,92073000000000000000,92.073
0x90bfa0769b368842bf948197f67e71e53a197ec2,90000000000000000000,90
0x61f9c7f79343b9752d694ae76c128a45be8cd183,89625000000000000000,89.625
0x7209ba29ba9b163c655b12cbf3c33369b77e1742,86100100000000000000,86.1001
0x9251822e6750a6547381e965c5a588d07acd5486,85648800000000000000,85.6488
0xbdb0209459d712baf9ed2115981300013cac9adb,83944000000000000000,83.944
0x88d207ad7377f175e40c4e2f62548cb5895be623,83619000000000000000,83.619
0x3fdefc030842501fbe05e6a63851b24c30bab021,83492000000000000000,83.492
0xbb11b5f3434bea7cc65f314d3c24e59165853461,83461000000000000000,83.461
0xef8bd429d1877f86087db5843f4ba8d1214512dc,82364000000000000000,82.364
0xd590054562300b8ed2e3d2d33fcfce003087f624,80741000000000000000,80.741
0xca93edb4f10b67d8473ce5ed0e25d45a04e274bd,77930000000000000000,77.93
0x644ce5aeb910ddcaa811c0765428e68e13be4ffb,75536500000000000000,75.5365
0xae35ce24c2b992410387920a5d03a914461f47d0,73858000000000000000,73.858
0xffe575015747bede0b9bf949b9a454c4fef68fc5,73469000000000000000,73.469
0x3b6fd0409d7843f441d41d6588227d835bac331a,73150000000000000000,73.15
0xaf654a6fe7c0577ccb6cdebd1380b078064db084,73108000000000000000,73.108
0xc6286b610fe16b82441d6896813f6d6e094205a5,72400000000000000000,72.4
0xefc8a4b3e11fbe83c01777d0f6dcc7bc781ec3e8,72361000000000000000,72.361
0x0c200f5d8a9015df90007a2473a9170d169e4a44,70988000000000000000,70.988
0x94f6422ef47c2d803e8f2bb2b00b4c82670d4c9d,70988000000000000000,70.988
0x7209ba29ba9b163c655b12cbf3c33369b77e1742,68880100000000000000,68.8801
0x75925a44f7173534841734b6851ed1163648ffb4,68314000000000000000,68.314
0x05a8a3a22fa6441583bbad016c88f4ae862d4149,67549000000000000000,67.549
0xc387c10004734e8a901d9fd4d7d749ea174b4a27,67324000000000000000,67.324
0x64f37f9fc8d6459683af22707f98cc4f41d22b95,67284000000000000000,67.284
0x831383afa8dd97b54361fe12bef9b8d8f38c0b6e,66154800000000000000,66.1548
0x0fc934357aa64a502307ac4b1a58a5d3d292bb35,64539000000000000000,64.539
0x471733781e43d1f500cb947f7e7a77f01cf32c23,64318000000000000000,64.318
0x979366dccba54d558d4045afb107c94dad6152a0,64297000000000000000,64.297
0x0ab75e00f3588b087aad4aeb93732d1b6298bbc6,63167000000000000000,63.167
0x6e298c6f90cabcb0981f303032145a5b77334922,63129000000000000000,63.129
0x18a6db57ce625e9a4733f5015fc8cd6355656d97,63059000000000000000,63.059
0x7e7681a927365ae05b14dafceaab04a24fe35c43,62148600000000000000,62.1486
0x88ab492bf9711d9831047187f46bb72c33c08b4e,61475000000000000000,61.475
0x4f2b87242e02dc81f9968b2cd05b580b5867af80,61475000000000000000,61.475
0xbd81983da18826ff91b73e6d2dde0f6b305818a7,61452000000000000000,61.452
0x714d425bd2244f9cc0f656c42c17e22e28458cb6,61049000000000000000,61.049
0xa929a735699e181843db122462c4f363f4494599,60649000000000000000,60.649
0xd9dc7ae8369eaa452dba0ab70ee15dd0b81f8e97,59780000000000000000,59.78
0x92145e081f0c30abc90a3c2c3f47043b74c9fede,59348000000000000000,59.348
0x4d02b7f78336819758d7691a9f505287e950fe38,57648600000000000000,57.6486
0x36e7332a915c0d23fae352a892d0e46116169725,57394000000000000000,57.394
0x7209ba29ba9b163c655b12cbf3c33369b77e1742,57342700000000000000,57.3427
0x943e0889f261b09b534a579b2bb8713d633bb354,56370000000000000000,56.37
0x06836281ca2f8711607f5795f68d6d21ce6393ac,56324000000000000000,56.324
0x69854dbdf698d0dc059b65b20e9a85227c1bb676,54876000000000000000,54.876
0x9ff29f406616fa60bece3cc90f1a0026674e68c9,54876000000000000000,54.876
0xb816e9f833668ac8aa6ba36c4ae35af0d261ed93,54391000000000000000,54.391
0x07af73e183b55fb58990642c93f94e0ab5ad8dc4,53978000000000000000,53.978
0x2ef61e4054c33aefa5070e51f5f93a3603790a6e,53067000000000000000,53.067
0x291e33c7a30442a7c0b1d8a4bda65682a8e27034,53046000000000000000,53.046
0x42e0add971de4eefd35337c132fe1ab140c4f789,52649000000000000000,52.649
0x7209ba29ba9b163c655b12cbf3c33369b77e1742,51660100000000000000,51.6601
0xd6a13f1f57a8d3f1d7b370a1cbcf905fb9e5c2db,51394000000000000000,51.394
0xb256e38dd4fa1cceaeac39036d060bf09095be48,51340000000000000000,51.34
0x45113f0446802b94f62e4150eaca41f64ba1d1d8,50648000000000000000,50.648
0x25f00de21f90cfc964813774c0fb67a0b6d33ae8,50194000000000000000,50.194
0x4895f580d4d41e080501ab3c6a2de29a62244648,49376000000000000000,49.376
0x4277d491022a26f17ad1c4740d0ea38de529ddd5,48367000000000000000,48.367
0x49366a28e379200200045b6dd3c7403112a68293,48322000000000000000,48.322
0x49366a28e379200200045b6dd3c7403112a68293,48321900000000000000,48.3219
0x41a6cb74289ef13385a6ce6906678cc582e28291,48305000000000000000,48.305
0xf4252fdd53cad64524f73fe558f55e02503be9da,48037000000000000000,48.037
0xba241a42ed7c811156f7708cddd5d87215bf82f1,47412000000000000000,47.412
0x1d97d4f9603dc1eeb6a870544650a511a8292d2a,46394000000000000000,46.394
0xa97eeda321c3889d1d2caeafecad3667bafe92c2,46380000000000000000,46.38
0x4fdb3d99e4efa27dc2392a775c3152a9a67367ed,46036000000000000000,46.036
0x03d5ae570aadb7bdedd79c11552e0ce95ff5b2bd,45920100000000000000,45.9201
0x7fac5ee469ed4cdc59f1ab676dc7c0ae256d26f9,45702000000000000000,45.702
0x0d406cb2abe7aca4606089e3b34946e58fdbe98f,45679000000000000000,45.679
0x37e76b75f3cb988c5b5b0396363e320054fb976b,43610000000000000000,43.61
0x3f13eee6bc0bd8e6d47bf6a793c71f75a051aed5,43429000000000000000,43.429
0xbede6a897d3de21cc6e14c1b34e81a92a39a3bf0,43158000000000000000,43.158
0x7c45c52a3ca2c657a481c0676537a8f507eccd14,43068000000000000000,43.068
0xae2dc168632473910535a5cd5b95fa169fd929b6,43000000000000000000,43
0x36781466cbe820370fab6b9bb5d0988282786c58,42672000000000000000,42.672
0x6a00528f6537634e38a5284531ca67b66056239e,42672000000000000000,42.672
0x4e42025a368a50cdad3a838bbd87b211234b6366,42618000000000000000,42.618
0xd11625d5847095445592474bd45f61976af2eac5,42038000000000000000,42.038
0x28205fab9df551b907eb74f9fb763652beda2c76,42023000000000000000,42.023
0xd722b4090524fd67d272ed1938496a1c258678de,41572000000000000000,41.572
0xbda3118e2f31cab71f2d6f802d2ee70d31bd25fc,41349000000000000000,41.349
0x0b33fbf93e9077f83e5e4970bed86dc9b6e4dfc5,39487900000000000000,39.4879
0x88452ec4ad7e25db402e67628e0253ae8a82c87b,39283000000000000000,39.283
0x1f99aea4ba09bedd0b47618b4f4773b2daa501f3,38810000000000000000,38.81
0x829b42b43eed1090133fb3b86e10185eeacbb5ce,38721000000000000000,38.721
0xe6fc6370e2e11b8cb9ca8362654a1343b6c71597,38515600000000000000,38.5156
0x410a660edb40a8a30fc9d1504c2a96a3cb9b7873,37394000000000000000,37.394
0xec1a28dcd84d1b5d418928ef19287ea25519a72c,37269000000000000000,37.269
0x7b328cb30ca24d9ad93948806ed87b2f2669f53c,37263000000000000000,37.263
0xcad8b81d8bbf3bbbc0641affd99cf27c5f03cef0,37068000000000000000,37.068
0x7209ba29ba9b163c655b12cbf3c33369b77e1742,36162000000000000000,36.162
0xac70824b595cd1d1be67bb198a69e244cecc7973,34762000000000000000,34.762
0x63a94257db29e3f29513c86df023c0e8bcc300fd,34672000000000000000,34.672
0xfc234baf6b1f89cb32ebd08401178a4447f295e7,34601000000000000000,34.601
0x7209ba29ba9b163c655b12cbf3c33369b77e1742,34440000000000000000,34.44
0x40a1ab585d0d29ba72769ce4ec7e69b8c70dc0b6,34360000000000000000,34.36
0x5b899b18f1c7a86bc9a3c9d06821eed49c6ad14d,34269000000000000000,34.269
0xd05ca395b1a30619f17bf9fca3eeb91d7fcf9e93,33672000000000000000,33.672
0x36c141f73a778c4c246a5c0fb73152c33a180123,33000000000000000000,33
0xd40da702f728dd28553e17da1f10ae7bf7d98c96,32654000000000000000,32.654
0xbdfe601d0339f4138bdf4ed91b5d261b3ac67c21,32484100000000000000,32.4841
0x6bbe67036a430eb3461bbed392b444586952e844,32484000000000000000,32.484
0xd5637626ce1fac3b1f9d5c2031302023a9696e9e,31307000000000000000,31.307
0xf8beb9c94bc5b1b7a19d71d9675579533e92318a,31250000000000000000,31.25
0x91d66b4d442ba8fb736a6374925fedb4dbd18d54,31050000000000000000,31.05
0x06b1bf7304d044f7b3e9062493538855f563b48f,31050000000000000000,31.05
0x5eb467911ce6654f197891179c9967cdcca8646f,30864800000000000000,30.8648
0x82d1387fa0714462ebef08a96fa278cb60e86148,30864000000000000000,30.864
0xe4bfcfb0ffbed74969fd240649b841a7e6cbb817,30864000000000000000,30.864
0xdd3b9be91ea4d427e62c3fa3f2b27b5290d98f1e,30010000000000000000,30.01
0x2197e8879847c4fe8ff5f56d2ead3c373151cac5,30000000000000000000,30
0x07f0b3ea4d87cc45ab36fd2138cb43dfaf50dfc0,29648000000000000000,29.648
0x499e94e39527f1f73e5f476a03a11d5c8617e091,29467000000000000000,29.467
0x2acf178fcc19f078a8089de1567abae026e6ec37,29438000000000000000,29.438
0x39415d34320d0aebdcf2bb279fd361151202cd16,29348000000000000000,29.348
0x71894662561db353380410670391216fcb3595dd,29135000000000000000,29.135
0x299bef8890af3cf83144d1b2ce391ee4e82c5ad6,29064000000000000000,29.064
0x2d33d58dfafaa69d211f538d23530cc3262defd5,28700000000000000000,28.7
0x8e737f1a00d93762e026f3ffc4a52e897c632eda,28367000000000000000,28.367
0x7eaa2ec0ebf3bd7bc27722c1d012c9f0b83e3b6d,28349000000000000000,28.349
0xc1f08dc74c7fca6b1911680a92a166f43c9e88da,27410000000000000000,27.41
0xd98fe9c08680062071a44714074d18bbee7910de,27309000000000000000,27.309
0xd90c0c9b9e956f87c6b56f660b557f0ff6f630c4,27064000000000000000,27.064
0x68dc10ba02c586d7cb52e6fd55ae23f852dbb61e,25930000000000000000,25.93
0x7ab8bb1f1fbb40648c177fd0200eea41ba858b78,25743900000000000000,25.7439
0x882129a358814e67672ab76813d71ab4b7d7200d,25230000000000000000,25.23
0x7ab8bb1f1fbb40648c177fd0200eea41ba858b78,25031000000000000000,25.031
0xadf1d4c16ca57b4ea594338dc645d709de30b5d7,24890000000000000000,24.89
0xdeedf9fc56888b9428ebe7207d9a999879e73f62,24840000000000000000,24.84
0x18fe3c4d99b99aacbf30bd7a2564d9274fbffbb7,24561800000000000000,24.5618
0xa06a0846e81f2de41dac6436da8b367d96c7c3b9,23496000000000000000,23.496
0x07c44b4c4ae8d7c6bafd7f26f5d48161a50a59b8,23462000000000000000,23.462
0x495f05b7cf9296025f64411d8057a8fe8d8e132e,23290000000000000000,23.29
0xcb88db6d118266e1c630f58b90ea2f770ce49527,23290000000000000000,23.29
0x23cf3afa87bc174b2f016451b985be3057bf932a,23290000000000000000,23.29
0x4c93f82c85aafc1aa03d796bc0dae727baade5b7,23290000000000000000,23.29
0x740d721e6f739fa9d8e9fc563671251ba8fd6d78,23290000000000000000,23.29
0x8580a76997b6278c4584fde6e6580314d4cb7e54,23290000000000000000,23.29
0x207dd60004c9045ba47fcef5eeef6ffdf4b6b9e5,23290000000000000000,23.29
0x739eac0f88817f0bcf966478450df73d688438de,22970000000000000000,22.97
0xa076da8f820e0c9b0a594e633063fa5dff51a77e,22790000000000000000,22.79
0xfbb1b73c4f0bda4f67dca266ce6ef42f520fbb98,21440000000000000000,21.44
0x76cd24cfd3a1fcc4482bf938741bb0591fc9acb3,21360000000000000000,21.36
0x573d8ba6df17f8d34d90408afbc9cd611a3a4d8f,21000000000000000000,21
0x5345b31c5ed06c3433f8d47e84003112642cac7f,20664000000000000000,20.664
0xd42d0eb8f5a28e4c39a5beddfc2ad49da8bbffea,20647000000000000000,20.647
0x3d8adf8bdad13e0d21b77f6a8d1706e99156aaef,20384000000000000000,20.384
0x7d77f07a0ecfde4de6cdf8f9f446cd31591e486f,20247000000000000000,20.247
0x7d77f07a0ecfde4de6cdf8f9f446cd31591e486f,20247000000000000000,20.247
0xb01ee5fba23776b4da6678a0fe8066c3b33be288,20180000000000000000,20.18
0x8acff18a839616d72db471f5fd77536da9b9a61c,20180000000000000000,20.18
0x39e151e3ce650efacc0afb36bebbf2df169f718f,19680000000000000000,19.68
0x857405295d6963cd310fa6b5f986c24657bf8c32,19565400000000000000,19.5654
0x5b60fae8ecb398b13181ab0ed8e1cfb89ab7d35c,19403000000000000000,19.403
0xc09b569d00bfd4cd468d63cbfa4a8b8967a5485d,19138000000000000000,19.138
0x04499ab5374e1adbcaa47d5765820511a5c89859,18630000000000000000,18.63
0x0c71410f1b1e7a29686d5ea846ccc38730462a4d,18630000000000000000,18.63
0x42adc8ad73289b4107f849ac198c050c539508a0,18518500000000000000,18.5185
0xea1db5890599d8bc0f4995bc206157c7d660b052,18512000000000000000,18.512
0xeeaa6f03d075d478902f2a85f5c735ed4f61069f,18347000000000000000,18.347
0xc4ce7af2784204839b746c6b542f652acc94fba1,17394000000000000000,17.394
0xb9128108892fd22dc5eb6d6aa4845a0bee56e0f4,16850500000000000000,16.8505
0xe9b61205031ef535a18b8ede4e6a24fd58a3e4ef,16690000000000000000,16.69
0xe5d5457537242c1d09481a1e6f03fe6e62c983f7,16318000000000000000,16.318
0x83b3eb8ade580d06937c96d042bda2c1085331e9,15948400000000000000,15.9484
0xff9adfb4c19bfd54099a73cec4bae6dbc79883a7,15520000000000000000,15.52
0xbdbc902b84736ada271b29b3c783561730997591,15384000000000000000,15.384
0x7863fdcf1e54d0f442e663152f6ab2d8bb98adcf,15000000000000000000,15
0x7209ba29ba9b163c655b12cbf3c33369b77e1742,14924000000000000000,14.924
0x9a48508fbfb1c6505a7c65f1596f03bee18507e8,14350000000000000000,14.35
0x24eb7d82166361a8b69ade6fea187cb00fd7c7e1,14000000000000000000,14
0x378af16d8e0aae713e3fbe83b283fe6d00a537ef,14000000000000000000,14
0xc10723fdc22f499a5464a27836b52a5bd9ccc36e,13672000000000000000,13.672
0x4fd9a36ee0a3384dfe7b3fe31cd7ddddf2441e7f,13671000000000000000,13.671
0x26fcf9d5e3dda6ec5f0308439a016e599681f87e,13648000000000000000,13.648
0x630222308645e4b7e3a43cd9c4bea2df53c207e1,13647000000000000000,13.647
0x9d89c2e63b96012667dfa18d44deeae4390d8f9f,13640000000000000000,13.64
0x04b9fe950fb9ace1a5cb171d25238c24be7845b6,13548700000000000000,13.5487
0x9d7557c848c32d3d568956a34f69a3b36c8302ed,13512000000000000000,13.512
0x006c17c964e92201ebd495a8a5367326e3909c73,13504100000000000000,13.5041
0xe79e4a95dd61ca9e6ffd8821054a3745a229e33d,13148000000000000000,13.148
0xc8c8271a97fbf19880f5a275c51c0bc7a4a62482,12929000000000000000,12.929
0xb306394d65a5c4a4a925983bc07169aae538a9b9,12901000000000000000,12.901
0xb306394d65a5c4a4a925983bc07169aae538a9b9,12901000000000000000,12.901
0xfca6df4df5a1c084d90d2b617549eb3353cf92fb,12528000000000000000,12.528
0x87b272a07646c4391160f29abbf39155f02eb87b,12487000000000000000,12.487
0xd61473ff3057154c0faa6858343ebf0bb1c238b3,12420000000000000000,12.42
0x41cf317fd4e04ce94cce8f5a38b379face87d1b7,12346000000000000000,12.346
0xdd07ee015e42c496caed456dbb95fc6c4128ae58,12154900000000000000,12.1549
0xd0e60cefe63a5c6262a5d55340642a8135460c21,12054000000000000000,12.054
0x7209ba29ba9b163c655b12cbf3c33369b77e1742,11480000000000000000,11.48
0xb6aac3b56ff818496b747ea57fcbe42a9aae6218,11480000000000000000,11.48
0xf1e141bbe88c17085b2046a356352bf32a6390d9,11290000000000000000,11.29
0xb2f9c10be069e120eee52f60a4a5f7a91d0360b8,11267000000000000000,11.267
0x6a63fc89abc7f36e282d80787b7b04afd6553e71,11110000000000000000,11.11
0x5894adac34b4fd3d6d39ec90971e59602c556ece,11110000000000000000,11.11
0xef69888078c36c4d8f57eedf266dd3e7389ce231,10965000000000000000,10.965
0x1f37b319ff7db7b1a7717d2eef21cef84ee890b4,10870000000000000000,10.87
0xfdf725f69d55fe95362feb5e48e874dc42fd11ea,10870000000000000000,10.87
0x4a153f7db7471221c08b8533161bd31b788b3c85,10870000000000000000,10.87
0xebbb98af7179cb1f89e2b687a622507a9295b6c6,10866000000000000000,10.866
0x0a0bc1a04d648ebc413ee99d4b1fe855ffb7eeb4,10730000000000000000,10.73
0x6a5e424c02a20c7d77b0919f39c04c137c932721,10490000000000000000,10.49
0x584f0c1976affb85b5750cc8c2be5393bf8caa2c,10370000000000000000,10.37
0x17dd6a276417ab651596b27c08883fe23c2a1191,10093000000000000000,10.093
0x562ecf06d30a87497a91e606255bfdfdd7ef5bda,9750000000000000000,9.75
0xff23aa76ed26d8d8047c2cceba6fcf38d0552923,9452900000000000000,9.4529
0x6066efa323cb232de1a69d5850843efe873fb01c,9376000000000000000,9.376
0x60ce0dd6cfd9907486b62222f541a954ec112632,9347000000000000000,9.347
0xd74282555489bdf1438ed4dc7d5e51ae1601e847,9260000000000000000,9.26
0xe30f68baf5c1bd490cc3d279e45d807376b5c268,9259300000000000000,9.2593
0x24b839c0daee1fd894aa18de7c33734ac778a864,9247000000000000000,9.247
0x9b0a82b4f557f5fb9799c63bc9a20cf4647a96bb,9161000000000000000,9.161
0x829dbcefc68aa16fb8da5532601bd9a7f26975ff,9148700000000000000,9.1487
0x085e09bb0b6088bd9e1569c01cc2d97270754dcd,9040000000000000000,9.04
0x70faa28a6b8d6829a4b1e649d26ec9a2a39ba413,9040000000000000000,9.04
0x978e3163a84ce8f3c10bebd474549aa57b975a73,9034000000000000000,9.034
0x7209ba29ba9b163c655b12cbf3c33369b77e1742,8924600000000000000,8.9246
0xa7643ff803ca76b264e798ea1592fb17d65bba0f,8623000000000000000,8.623
0x1a5755d49fbfb675599863a491af333c04f9f4ba,8610000000000000000,8.61
0xf8beb9c94bc5b1b7a19d71d9675579533e92318a,8600000000000000000,8.6
0x72071c05ccf04e2c0deba6345d582a51881ca625,8394000000000000000,8.394
0x0bb10c5557651a257a8d27bc64beeaa4bbe1cdee,8379000000000000000,8.379
0x2254c6aac329edc920580058bcab88406913eddb,8346000000000000000,8.346
0x8b64c14351f9cc7714c16b85595266799610157b,8309000000000000000,8.309
0xba436f6ccaac083b4c8e8868817d320644af064f,8307000000000000000,8.307
0x89a6aa5e7ae3453d0b252aec0529ad008c8f5776,8127000000000000000,8.127
0x004b9e4a6ed52c0aaeb7331d3196448353b96629,7820000000000000000,7.82
0xa11461ddfa329c96612d53c282ffc541792f120b,7819000000000000000,7.819
0x857405295d6963cd310fa6b5f986c24657bf8c32,7810000000000000000,7.81
0xdad89e7f6bd6fe5b54ad2ea05093eba5aec74eb7,7810000000000000000,7.81
0x9e1e2805f9ce3ceda374b286892959e60e2f29d1,7760000000000000000,7.76
0x52dec08ba924ea8600211a25c5960ecb349697b1,7760000000000000000,7.76
0x0b6c7ee15992e7c65d47bbdd2df8999e14da52d6,7668000000000000000,7.668
0x1279faa412bc6b7bfd195b7be67b1ef2e651a16c,7626000000000000000,7.626
0x04dd9b612af3ada8dd044486c5765d2ee16981cb,7514800000000000000,7.5148
0xc64f4ebbad7c0d9e120cae9aa52e6ff593bf95ba,7369500000000000000,7.3695
0xe3a1b4a1b4e8f3c2936987b453cb20d0aaa2c54b,7346000000000000000,7.346
0xfb6c424ae2b1c6555306e8ab3b0d848007d5c3fd,7264800000000000000,7.2648
0xf5128b882609289e8c1f69f6b62431575ae4b51a,7180000000000000000,7.18
0xf5128b882609289e8c1f69f6b62431575ae4b51a,7114500000000000000,7.1145
0x5e8ef490c117fd543698b9e619fc8fb4c3c9ffd4,7099000000000000000,7.099
0x3abda10fbba3a85e02fd867c626bb4a8fc238e7a,7048000000000000000,7.048
0x6350632f0c38ef922ea2eea20006779724ef0858,7000000000000000000,7
0x378af16d8e0aae713e3fbe83b283fe6d00a537ef,7000000000000000000,7
0x378af16d8e0aae713e3fbe83b283fe6d00a537ef,7000000000000000000,7
0x8d8eebf1c1572530b5eeb14c8de3bab1c2e0c313,7000000000000000000,7
0x03a5e1bf92e0c68aed9a6b5c733773c718ef5bda,7000000000000000000,7
0xd02a1c12fe20da5151d17f7940de991e4877d218,6852000000000000000,6.852
0x31d117ae6e2fffeba23bc9f6555494fb0cfa5bc8,6771000000000000000,6.771
0xdd6ec9f00a15a151e8b0f582930cf850a1d075ec,6713500000000000000,6.7135
0x1595c383f52e474b28b5e6b4b8f72e92c1461474,6604300000000000000,6.6043
0xc96f98895c17b4b30e401ce5aaf8d17c224d3703,6604300000000000000,6.6043
0xd7ec8918e0447397b385bc8f593c3ba6ac0bfe83,6486200000000000000,6.4862
0x377138146a6e44168cc3f195b82d790ca9c288d6,6349000000000000000,6.349
0xeeb7457edfe6c36bb86867bcd50c364713dd9c10,6348000000000000000,6.348
0x26a135ee8b4001cfef4755e366cbeeafff37b40f,6333300000000000000,6.3333
0xea7d8c894686dedcf1a68a1fc553d3fb13cc2b56,6320000000000000000,6.32
0x60c801f01dba0c5599347c0cd4d080142f3cb803,6297700000000000000,6.2977
0x32be343b94f860124dc4fee278fdcbd38c102d88,6285300000000000000,6.2853
0x75f3dc954cca755c28be1835373da66fe082a8a0,6231000000000000000,6.231
0x65b107f19628183584b558b49d678ace6ef596a5,6176000000000000000,6.176
0x65b107f19628183584b558b49d678ace6ef596a5,6176000000000000000,6.176
0x48fbd7868b844e504795c59a77061e5a5ca5764d,6173000000000000000,6.173
0x458127408a19a2666ed4a182ee65d22323db9d15,6173000000000000000,6.173
0xbdfe601d0339f4138bdf4ed91b5d261b3ac67c21,6173000000000000000,6.173
0x88790fa0d0d5cabc75656751ecdaa98d0d5d4a19,6148000000000000000,6.148
0x7209ba29ba9b163c655b12cbf3c33369b77e1742,6109700000000000000,6.1097
0xb7f804b3ec44f4c8dbd66013130ee850dd48394d,6109000000000000000,6.109
0xae085f56bffcc4b3cc36de49519f3185e09e64e7,6101500000000000000,6.1015
0x4deed81e30d93ce6a50ef7486881f289e069e11a,6052700000000000000,6.0527
0x27678766d3f1b341aec6c76bc8644f4925d5cea6,6015500000000000000,6.0155
0x64ae1a5aaaed73402d31e6d971af4e964959ef57,6000000000000000000,6
0xbc76037830b92fb4f216fdd52afe3c9befd8e39a,6000000000000000000,6
0xe106ab43070f78862230055532ba6b37724da0dd,5987500000000000000,5.9875
0xf829b9a860ae25e9a91d3635c7798f9fdff357db,5937200000000000000,5.9372
0xddea26841324e40393b167937a394c187dd7995b,5937200000000000000,5.9372
0x43c9c5b0638cd9b22fff8ad69a2091bd50bfd046,5937200000000000000,5.9372
0x298fae9446ffc867aae2ec95c9d0a31c31573a3c,5937200000000000000,5.9372
0x43c9c5b0638cd9b22fff8ad69a2091bd50bfd046,5937200000000000000,5.9372
0xeceb1e7b77e430fb771f9222ec2941e4d734c9b1,5760500000000000000,5.7605
0x5fdfad92f60cd70799be56adbd05ba615ef501b0,5740000000000000000,5.74
0xad7fe25c47db4ce80a376cfdfe07edb4f4982897,5740000000000000000,5.74
0xb70564b2bdf1a663be548f8ece6b9c3e22fa537c,5740000000000000000,5.74
0xb70564b2bdf1a663be548f8ece6b9c3e22fa537c,5740000000000000000,5.74
0x3651e1288bc518acc5126a574942bb1863a64596,5740000000000000000,5.74
0x7209ba29ba9b163c655b12cbf3c33369b77e1742,5740000000000000000,5.74
0x7209ba29ba9b163c655b12cbf3c33369b77e1742,5740000000000000000,5.74
0x1c1bb5915cec7da52985a2765519fc23483c93b0,5665000000000000000,5.665
0x49b3aedb8951aadf8a8f7a67ae86a8bf9a28b2c3,5556000000000000000,5.556
0x49b3aedb8951aadf8a8f7a67ae86a8bf9a28b2c3,5556000000000000000,5.556
0xf8077e73140b2fcf340f9f83e533c7a40e48bccb,5349000000000000000,5.349
0xe26399ce3233a9d4fe46b61601b56886cfe60007,5329000000000000000,5.329
0xc0480ba289fa133a71facda135803fe64fc93ae8,5250000000000000000,5.25
0x92ff2cc18db5ca42a36fb36d62805ece2b56c160,5160000000000000000,5.16
0x595488e62ebe727049c096eeece474b349bf294e,5132000000000000000,5.132
0x998cb647cdfafbc1549dd671a14d1b4eed73e234,5097000000000000000,5.097
0x9d40161a668e74f4b9d2c94a12ba7ea47b3300d0,5094000000000000000,5.094
0x3f9af3f323cd1ec8d99e8c50368cbeb0ec91293b,5062000000000000000,5.062
0x5416ae3c06b0e4f2b03bf9e0bd62e3efa6efec86,5050000000000000000,5.05
0xee3d9070332666d770f9219b0b6f568b3452ab0d,5050000000000000000,5.05
0x80430e51156d7f1a45a27cab72ee525926e8acd5,5000000000000000000,5
0x7d98fa238c3bbf0f2bcd1bce19efa028474b4e07,5000000000000000000,5
0x7863fdcf1e54d0f442e663152f6ab2d8bb98adcf,5000000000000000000,5
0xb226dbf7c87434c91ad2c440d4e04e872cd5a034,4938000000000000000,4.938
0x94fe18f688ffb743520a187fafb5592a47b06a7b,4880000000000000000,4.88
0x0b55e1eed1fa93a3241f25c455ef137a4d518264,4821600000000000000,4.8216
0x7546d52c6440e8283bc8f496b401f5e3f6d4a000,4767000000000000000,4.767
0xafa9f44e9f2bdc4164114dfe97708e68ef3e3a31,4691400000000000000,4.6914
0x42adc8ad73289b4107f849ac198c050c539508a0,4630000000000000000,4.63
0x22b84d5ffea8b801c0422afe752377a64aa738c2,4630000000000000000,4.63
0xd4a634c8fb6b755fe482d00b586506f42cab9ec0,4630000000000000000,4.63
0x63ef50ff9af6ad37a3e3b453cee88ba1d6000634,4452900000000000000,4.4529
0x12dc169f15a10c095a3ff235f9d7ffd6a1d19a13,4452900000000000000,4.4529
0x96c0a020fe377fa4bb1607b02a9715063e2ffe60,4452900000000000000,4.4529
0x59667a9fa812f67d1b1cf63abbceb337d7093e50,4452900000000000000,4.4529
0x3b7ab3521d9ad91d62a92a0570c24d4328a6f69a,4452900000000000000,4.4529
0xd113b74adb5c89f5bab1d8131f26daa43e487f41,4452900000000000000,4.4529
0xc480334141e5abb335b8e931d8601b326d20da88,4452900000000000000,4.4529
0x895dc37d85130cd23efeab40d3a23fe6338e770b,4452900000000000000,4.4529
0xc5fe586278dca8aad79d8d4962b79cf0432fd41d,4307000000000000000,4.307
0x78eb0e387ec80564c059e7eb7551e7d943930725,4240900000000000000,4.2409
0xa44c22dce05acda274d77f743864c32c804262d1,4240900000000000000,4.2409
0xe73a25b58bf440d8ad53eb773f412a4e89e22719,4227000000000000000,4.227
0x5316738e0a43509a5d1ad4f70acb718627edfa90,4070000000000000000,4.07
0xe2e334733c7c49c128b68b1b0aa5b55a5443dcda,3911000000000000000,3.911
0x7541370d75c0cc09a4db379caae2827482c33b56,3900000000000000000,3.9
0x32be343b94f860124dc4fee278fdcbd38c102d88,3830000000000000000,3.83
0xdb1aa8fb9e410c6229469ff085271effda814f0e,3681000000000000000,3.681
0x8eb623679e96f2914a80c86c0fdef0370dd69796,3648000000000000000,3.648
0x32be343b94f860124dc4fee278fdcbd38c102d88,3571100000000000000,3.5711
0x7541370d75c0cc09a4db379caae2827482c33b56,3470000000000000000,3.47
0x29142abaca3f2cfba7c26c1b3550ea6a1ab1ed1d,3352600000000000000,3.3526
0xa9884bcba7a61414af5636b9d3641692edff1369,3249000000000000000,3.249
0x2f091f70cd67065dd277e60d033dc46773dca3b7,3249000000000000000,3.249
0xf6b7474c98b07d178233e6e44534cb40a958a2d4,3240000000000000000,3.24
0x96fc4553a00c117c5b0bed950dd625d1c16dc894,3230000000000000000,3.23
0xd14a86c1d73c2b583b540838ad2c541182138484,3180700000000000000,3.1807
0x1a97f8ba9746d5d58ad2cab9a9b895c80f45e536,3180700000000000000,3.1807
0x22ea6403d5918f73c026cad41e70821cbace7852,3180700000000000000,3.1807
0x4a153f7db7471221c08b8533161bd31b788b3c85,3180700000000000000,3.1807
0x36e4e88da03f022766814bb1036852a3bcc1782e,3180700000000000000,3.1807
0xff23aa76ed26d8d8047c2cceba6fcf38d0552923,3180700000000000000,3.1807
0x7081b27bb5505d8b21bcd9131d07d3924e9f961d,3180700000000000000,3.1807
0x5cfe303601b458d56fb0fa51bcf94e457ca23aa2,3180700000000000000,3.1807
0xd0cd77d8739044067edb474b17100809c24d192b,3180700000000000000,3.1807
0xaf76fbfbb35ab38d51f3142fb94a98bd930d9bad,3180700000000000000,3.1807
0xef9f08e3e108c169fb335332aaaee0d132c00898,3180700000000000000,3.1807
0xc79ab1cb52c8c6cbbc7e8992d78037a3b5d75c35,3180700000000000000,3.1807
0xad33f43cb3ddc2dbd5a5eb09b12423066041a219,3180700000000000000,3.1807
0x840f24b9d1a584aa61d3b3dabf264da4e3da48c1,3180700000000000000,3.1807
0x2d66fd65445e1e8aa9fe35728b747767602433b3,3180700000000000000,3.1807
0x5fc3f6c9ca73d3a97bf59bc7327c92dbae884fd6,3180700000000000000,3.1807
0x5fc3f6c9ca73d3a97bf59bc7327c92dbae884fd6,3180700000000000000,3.1807
0xa924b450f207a378e6562dc5514efdb80ee2d362,3180700000000000000,3.1807
0xe89ac85797311159fb56a2bb109c87ac2e7b76f5,3180700000000000000,3.1807
0x5fc3f6c9ca73d3a97bf59bc7327c92dbae884fd6,3180700000000000000,3.1807
0xe7d18ec067e5c095eb272ff204e557a75da64bde,3180700000000000000,3.1807
0x612e9cd74668cf5eb3629238f025d3107ed01662,3180700000000000000,3.1807
0x006bb1a2f867f3047db79ca36a176620cc7f623e,3180700000000000000,3.1807
0xe24ea0882b8221757a7f3f9001b2b7f6cd3d41c7,3180700000000000000,3.1807
0xf177015d46b43543b68fe39a0eba974944460f6a,3180700000000000000,3.1807
0xf06b394314cc76bdeafffedb08368c0c04188311,3180700000000000000,3.1807
0xf06b394314cc76bdeafffedb08368c0c04188311,3180700000000000000,3.1807
0x425e3f20f26fbf22a1b893446fa2c9c999548353,3180700000000000000,3.1807
0xfff78f0db7995c7f2299d127d332aef95bc3e7b7,3180700000000000000,3.1807
0x32be343b94f860124dc4fee278fdcbd38c102d88,3130000000000000000,3.13
0xeb9b673954271569ed64b1d0b16172c91ed6c055,3086000000000000000,3.086
0x32be343b94f860124dc4fee278fdcbd38c102d88,3070900000000000000,3.0709
0xd8ec2ca59bc48a98b94d3342cc3f64b1e87eb399,3064000000000000000,3.064
0x9b10917bb985c415371e6fc9c8a07f2ab4ab1a0d,3056000000000000000,3.056
0xad2e241d00d7e10ccdc5992071ffa0652c4acbc8,3040000000000000000,3.04
0xdd04ace85bef276a79abbb7834c2e6e71fcba3cd,3026300000000000000,3.0263
0xdd04ace85bef276a79abbb7834c2e6e71fcba3cd,3026300000000000000,3.0263
0x615314e32ff151e97d7bc161a2d6915a4aa36c8c,3005000000000000000,3.005
0x1f9e5151132eb7eeb1443c486cdeb5cfed06bb27,3000000000000000000,3
0xd7ec8918e0447397b385bc8f593c3ba6ac0bfe83,3000000000000000000,3
0x6a6d66c8116f891d4fc565bea457a0d20d2e4d55,2972000000000000000,2.972
0x6fa58e8f5ace80bbc84f5ca965e1684761b37db6,2968600000000000000,2.9686
0x1e2520bdcc56c78ac1c60ae9710656dbbdf6d5c9,2968600000000000000,2.9686
0x7b1a29e582aa041aff93e2b5e5351594000c8591,2968600000000000000,2.9686
0x0c55a2054a981235dca2f05ed8436156b30ac04d,2968600000000000000,2.9686
0xbbd4cd1e72ddf68c10640e145e7c3ee2fa1b80f4,2968600000000000000,2.9686
0xdbc2f4aa073a3b80e69a4c7ca12b1a5f267ffc10,2968600000000000000,2.9686
0x0c55a2054a981235dca2f05ed8436156b30ac04d,2968600000000000000,2.9686
0x895dc37d85130cd23efeab40d3a23fe6338e770b,2968600000000000000,2.9686
0x08776ae7fc14fa92644badc798bd9332ff328d88,2947000000000000000,2.947
0x67551df20c3d9af127e9e9fda232aee97eeab00e,2905000000000000000,2.905
0x004b9e4a6ed52c0aaeb7331d3196448353b96629,2878400000000000000,2.8784
0xc6dea80f5c387e76030615e5fe0038a988734f60,2870000000000000000,2.87
0x068c7a08e406cba83b723dc63888d8058d8cf480,2750000000000000000,2.75
0x681467af6a67775b7e2bce543180e41d94a395e0,2653600000000000000,2.6536
0x3c0c4e63b0dc4a6ae4fdac2761a10c8b2548a368,2649000000000000000,2.649
0xd7c76bc2a222712bd408a1b4845e94cb5ffb8d47,2640000000000000000,2.64
0xda619ff35b17ff87ee81063c078f3830c0fa4783,2544500000000000000,2.5445
0x04dd9b612af3ada8dd044486c5765d2ee16981cb,2544500000000000000,2.5445
0x03c380ca499f19eb94be15b7f18faea3a37da657,2528900000000000000,2.5289
0x81f3453d5914099015da3c60b5374028fc20260a,2525000000000000000,2.525
0x7eb0dbd41f1a9a6119217d16ce01fcf084099207,2469000000000000000,2.469
0x6d6a79f304f0590d5deeb97001263620970e9486,2468000000000000000,2.468
0xe368098ad1580e5a8d62dc388014fc00a397de47,2410800000000000000,2.4108
0xe368098ad1580e5a8d62dc388014fc00a397de47,2352000000000000000,2.352
0x5345b31c5ed06c3433f8d47e84003112642cac7f,2310000000000000000,2.31
0xdad89e7f6bd6fe5b54ad2ea05093eba5aec74eb7,2300000000000000000,2.3
0x45233ff6bbc10f0eb41f430561ac97d78ddfb4cd,2296000000000000000,2.296
0x48f14b08ad4f34ad6697aafa0da5de887dcfa60d,2280000000000000000,2.28
0xc636ce3603a538208bc531530bf7883899ba6b50,2280000000000000000,2.28
0xdd6ec9f00a15a151e8b0f582930cf850a1d075ec,2264400000000000000,2.2644
0x3651e1288bc518acc5126a574942bb1863a64596,2258400000000000000,2.2584
0x26bece882ea63a8c2f28f3be19e5d834e0e17803,2234600000000000000,2.2346
0x9e6c80a86fb5c1459f2ea37f81b944dc579a5e34,2220000000000000000,2.22
0x4be815bd45d3139131c25a12b1c23423afe86eef,2150000000000000000,2.15
0x34ce154c0fc5b09c03548f2b3bac72e13a5e7bee,2142600000000000000,2.1426
0xcca27cffcb720d35e08e97b6e471390972252a37,2120400000000000000,2.1204
0xffbc4fab8de507b7c7df5258e12e9bbab773a83d,2120400000000000000,2.1204
0x4c9897de9d867e0339eed3621c689060aca68987,2120400000000000000,2.1204
0x0058c3fc8e28f97926076a162f18a8c0e2c46131,2120400000000000000,2.1204
0x6d9da320dde848d9a82a134d6165acab7c811d0d,2120400000000000000,2.1204
0xb890ac125c835f61a3f3c6de5e53266277faa0e7,2120400000000000000,2.1204
0xaa6efd6fb4f89d6b16bb03695375b6c856400bf2,2120400000000000000,2.1204
0xfd5078a2245a827f0f885c00e007fc1dbc584bbc,2120400000000000000,2.1204
0x4ced2b7d27ac74b0ecb2440d9857ba6c6407149f,2120400000000000000,2.1204
0x4ced2b7d27ac74b0ecb2440d9857ba6c6407149f,2120400000000000000,2.1204
0xfff78f0db7995c7f2299d127d332aef95bc3e7b7,2000000000000000000,2
0x42adc8ad73289b4107f849ac198c050c539508a0,1850000000000000000,1.85
0x42adc8ad73289b4107f849ac198c050c539508a0,1830000000000000000,1.83
0xc77813f50463f2835aba21e94eca6de27c0594de,1740000000000000000,1.74
0x6a63fc89abc7f36e282d80787b7b04afd6553e71,1670000000000000000,1.67
0xfbb1b73c4f0bda4f67dca266ce6ef42f520fbb98,1660000000000000000,1.66
0x7de01a7979bcc08354ba3017926b2959db72d743,1560000000000000000,1.56
0xcbd666c81f0cd17de48e525fe8b70a39b3764022,1488000000000000000,1.488
0x6a5c61d8e48fcb87a53548f1e3004a25dfcb3694,1484300000000000000,1.4843
0x4e3c8eaf5af286a9eee707da2c13d7d1fc005eee,1484300000000000000,1.4843
0x895dc37d85130cd23efeab40d3a23fe6338e770b,1484300000000000000,1.4843
0xd312bbc0dda51fb10d7289783ed9e34ce0988bc4,1460000000000000000,1.46
0x8599c2657262880185a87a97402ba6f3ac57ac64,1435000000000000000,1.435
0xce327cc2d00d791981371cf9b47b558d7ec79195,1392000000000000000,1.392
0xc8f82f2e638ac4b7550c4ea1c36f61c3ce9623a0,1339000000000000000,1.339
0xc7892a748f7ea811f643b18c1a27625a5c896736,1310000000000000000,1.31
0xa8406ce21b9043fa7cfb1c77c0feae47150e1afa,1272300000000000000,1.2723
0x21d96c18b85e7166bdde25c7234e845062b46e34,1272300000000000000,1.2723
0x611f881eb3499583c9cfd7c7c5e7ec0905cb2b69,1272300000000000000,1.2723
0x479d023e4a786e1565b01f5fdf669f9e8d91f6f8,1272300000000000000,1.2723
0x2c6640a758ed6f0b0df62615d9beda663cce1eeb,1272300000000000000,1.2723
0x2c6640a758ed6f0b0df62615d9beda663cce1eeb,1272300000000000000,1.2723
0x6812a94c6ed351d8d30ccce8fb9dff17d2698b00,1272000000000000000,1.272
0x58d36e7780b573bc42a74c0374d5c579f0817b01,1238000000000000000,1.238
0xaad591baac596ddfa869456a759c37df05344a1d,1238000000000000000,1.238
0xedeb1eb7d3e44a7bb5d80b08f62bf4434215be33,1231500000000000000,1.2315
0x24afccb013ae54770e88a9dd178ce78d2517425a,1210500000000000000,1.2105
0xfe00142f531beeccc07bc665e667cb727c2833ae,1150000000000000000,1.15
0x06b1bf7304d044f7b3e9062493538855f563b48f,1125400000000000000,1.1254
0x19d7992121a8b865491f9bd3ca8b1a1dcc0a9176,1090000000000000000,1.09
0xe025476be357f01bc398c83084dcc13ba5942138,1083000000000000000,1.083
0x2b37452c4f5f8ecf974ebc4c8186e58659ea17dc,1067000000000000000,1.067
0x78eb0e387ec80564c059e7eb7551e7d943930725,1060200000000000000,1.0602
0x1fde313cf9415ceeed489dcec607b6316ff16d65,1060200000000000000,1.0602
0xd29668fb27bc55e540e84e926bdb9e3927878633,1060200000000000000,1.0602
0xf88e5b0304e9a9989e5ba60569c6b79897481684,1060200000000000000,1.0602
0x5f19b49693f2c537226c1c75ae0f2881795e43cd,1060200000000000000,1.0602
0x85fa2f18daab6c62b56c092ff6ff4776f525bcc9,1060200000000000000,1.0602
0xe93f762d2e38e129cda9c43869e42c0738954fe2,1060200000000000000,1.0602
0x6c9e5a2d66bcc532b46980134b26afc66d69d961,1060200000000000000,1.0602
0x32be343b94f860124dc4fee278fdcbd38c102d88,1054000000000000000,1.054
0x19d7992121a8b865491f9bd3ca8b1a1dcc0a9176,1054000000000000000,1.054
0x3d064006449efe7e45221009ceb5413c8df17b00,1029000000000000000,1.029
0x0734ca18e5448787ffdb931922a3285c7f9f9018,1000000000000000000,1
0xa1494ab34639732df04275008c3c43aec2200cbe,1000000000000000000,1
0x4669355f67a23ba9f6dde20f5cd4636f1fdaffd7,980000000000000000,0.98
0x49e52d91b7352deba7816ec1051318c3cdc6e74b,955000000000000000,0.955
0xbbff8412f491a1bc903c46b1157997952b1948c3,954200000000000000,0.9542
0x3423b8bb1bc7776465adfbcaf8c8ffd1ea0b06e6,954200000000000000,0.9542
0xf87e1f06097be4f5a426394b8bfd57d022d8e80a,954200000000000000,0.9542
0xffb9a31520965ee021d634af67ea2ac6a1606bf3,954200000000000000,0.9542
0xaf76fbfbb35ab38d51f3142fb94a98bd930d9bad,954200000000000000,0.9542
0xd00a621db9b4d21115a251f0678c2927b2595dbb,793400000000000000,0.7934
0xffb8e00f4aafbdfeba3066cb9426adc0e74e2071,636100000000000000,0.6361
0x7e0dbd8ff34c05b89c72ad6637d0d648f02f203a,636100000000000000,0.6361
0x4ff955698aafd42f7e09cecac311c0e2055536d2,636100000000000000,0.6361
0x5416ae3c06b0e4f2b03bf9e0bd62e3efa6efec86,636100000000000000,0.6361
0x06b1bf7304d044f7b3e9062493538855f563b48f,636100000000000000,0.6361
0x01c6878e0b7326bf1c2170f1b03a4babdd33a98e,636100000000000000,0.6361
0x06b1bf7304d044f7b3e9062493538855f563b48f,636100000000000000,0.6361
0x01c6878e0b7326bf1c2170f1b03a4babdd33a98e,636100000000000000,0.6361
0xa8fbbce5f34da29bb13a0f669d06bd2f6c24388b,617600000000000000,0.6176
0xd7ec8918e0447397b385bc8f593c3ba6ac0bfe83,574000000000000000,0.574
0xf11cb269fe8508eb7d5a3932c5f5ba42074110ed,565400000000000000,0.5654
0x8874f2d9ade597eaf252ee8296c20b110b72388c,564600000000000000,0.5646
0x8d12a197cb00d4747a1fe03395095ce2a5cc6819,500000000000000000,0.5
0xfbb1b73c4f0bda4f67dca266ce6ef42f520fbb98,364800000000000000,0.3648
0x9e6c80a86fb5c1459f2ea37f81b944dc579a5e34,364800000000000000,0.3648
0x4be815bd45d3139131c25a12b1c23423afe86eef,364800000000000000,0.3648
0x9e6c80a86fb5c1459f2ea37f81b944dc579a5e34,344400000000000000,0.3444
0xd7ec8918e0447397b385bc8f593c3ba6ac0bfe83,320000000000000000,0.32
0x1dc8939946f5887d1ff48ac61d9c8dacf6dfcf31,318100000000000000,0.3181
0x91d66b4d442ba8fb736a6374925fedb4dbd18d54,318100000000000000,0.3181
0x8d5d64b6d565a63ba8a1cd5129fa9218c2bce851,318100000000000000,0.3181
0x3bafc6d98050c380bfa1302bfbcb25313598ff8f,318100000000000000,0.3181
0x3097b4e6b308309a7001d111d29889630a0fd1ad,318100000000000000,0.3181
0xc6dea80f5c387e76030615e5fe0038a988734f60,287000000000000000,0.287
0x9f15f58c4161c5cf0c1b8139a642e108e8ef2c29,260000000000000000,0.26
0x4669355f67a23ba9f6dde20f5cd4636f1fdaffd7,254800000000000000,0.2548
0xd7ec8918e0447397b385bc8f593c3ba6ac0bfe83,230500000000000000,0.2305
0x3866b5b3177565695a3145754e07c17ff6ea57b1,185000000000000000,0.185
0x7209ba29ba9b163c655b12cbf3c33369b77e1742,172200000000000000,0.1722
0x26bece882ea63a8c2f28f3be19e5d834e0e17803,76800000000000000,0.0768
0xc96f98895c17b4b30e401ce5aaf8d17c224d3703,67300000000000000,0.0673
0xa987708c07152765cc1300c81c74008e76c21186,57400000000000000,0.0574
0x272a6d3e0a2d1b16e3da241dfa7f659dec4b7cf6,57400000000000000,0.0574
0xcfe6ff4976d8d162c51080b05abe9f378ca7e6c1,56000000000000000,0.056
0xc636ce3603a538208bc531530bf7883899ba6b50,50000000000000000,0.05
0x7209ba29ba9b163c655b12cbf3c33369b77e1742,23000000000000000,0.023
0x7209ba29ba9b163c655b12cbf3c33369b77e1742,5700000000000000,0.0057
0xdba3d8a1b5a565ea945636d95e92979197f504a9,5600000000000000,0.0056
,,42199.8999
